OBJECTID,Oceans,Regions,SubRegions,Sampling Method,Measurement,Unit,Density Range,Density Class,Short Reference,Long Reference,DOI,Organization,Keywords,Accession Number,Accession Link,Latitude,Longitude,Date,GlobalID,x,y
11739,Pacific Ocean,,,Neuston net,0.252171,pieces/m3,0.005-1,Medium,Eriksen et al.2014,"Eriksen, M., L.C.M. Lebreton, H.S. Carson, M. Thiel, C.J. Moore, J.C. Borerro, F. Galgani, P.G. Ryan, J. Reisser. 2014. Plastic Pollution in the World’s Oceans: More than 5 Trillion Plastic Pieces Weighing over 250,000 Tons Afloat at Sea. PLoS ONE 9(12): e111913. doi:10.1371/journal.pone.0111913",https://doi.org/10.1371/journal.pone.0111913,5 Gyres Institute,SV Mir; ORV Alguita; SV Sea Dragon; RV Stad Amsterdam,275968,https://www.ncei.noaa.gov/access/metadata/landing-page/bin/iso?id=gov.noaa.nodc:275968,28.5588,149.3047,5/16/2012 12:00:00 AM,00c4a4b7-01f4-4815-a6e8-c93a35b01422,149.3047,28.5588000000001
21532,Pacific Ocean,,,Neuston net,0.00987,pieces/m3,0.005-1,Medium,Thushari et al. 2023,"Thushari, G.G.N., K. Miyazono, T. Sato, R. Yamashita, A. Takasuka, M. Watai, T. Yasuda, H. Kuroda, K. Takahashi. 2023. Floating plastic accumulation and distribution around Kuroshio Current, western North Pacific. Marine Pollution Bulletin 188, 114604. https://doi.org/10.1016/j.marpolbul.2023.114604",https://doi.org/10.1016/j.marpolbul.2023.114604,"The University of Tokyo, Japan",Kuroshio Current,279325,https://www.ncei.noaa.gov/access/metadata/landing-page/bin/iso?id=gov.noaa.nodc:279325,33.495,140,2/6/2014 12:00:00 AM,f045c92c-12a6-4583-a91d-d64b2a2fd2cb,140,33.4950000000001
11722,Pacific Ocean,,,Neuston net,0.004497,pieces/m3,0.0005-0.005,Low,Eriksen et al.2014,"Eriksen, M., L.C.M. Lebreton, H.S. Carson, M. Thiel, C.J. Moore, J.C. Borerro, F. Galgani, P.G. Ryan, J. Reisser. 2014. Plastic Pollution in the World’s Oceans: More than 5 Trillion Plastic Pieces Weighing over 250,000 Tons Afloat at Sea. PLoS ONE 9(12): e111913. doi:10.1371/journal.pone.0111913",https://doi.org/10.1371/journal.pone.0111913,5 Gyres Institute,SV Mir; ORV Alguita; SV Sea Dragon; RV Stad Amsterdam,275968,https://www.ncei.noaa.gov/access/metadata/landing-page/bin/iso?id=gov.noaa.nodc:275968,15.7937,159.2056,5/8/2012 12:00:00 AM,1bd9e6f0-8b04-4c4e-b4d0-82e9c3195688,159.2056,15.7937000000001
21572,Pacific Ocean,,,Neuston net,0.0166,pieces/m3,0.005-1,Medium,Thushari et al. 2023,"Thushari, G.G.N., K. Miyazono, T. Sato, R. Yamashita, A. Takasuka, M. Watai, T. Yasuda, H. Kuroda, K. Takahashi. 2023. Floating plastic accumulation and distribution around Kuroshio Current, western North Pacific. Marine Pollution Bulletin 188, 114604. https://doi.org/10.1016/j.marpolbul.2023.114604",https://doi.org/10.1016/j.marpolbul.2023.114604,"The University of Tokyo, Japan",Kuroshio Current,279325,https://www.ncei.noaa.gov/access/metadata/landing-page/bin/iso?id=gov.noaa.nodc:279325,31.496667,141,2/5/2014 12:00:00 AM,df4cd673-ace4-4ae4-9efc-9ca382d49461,141,31.4966670000001
11731,Pacific Ocean,,,Neuston net,0.345741,pieces/m3,0.005-1,Medium,Eriksen et al.2014,"Eriksen, M., L.C.M. Lebreton, H.S. Carson, M. Thiel, C.J. Moore, J.C. Borerro, F. Galgani, P.G. Ryan, J. Reisser. 2014. Plastic Pollution in the World’s Oceans: More than 5 Trillion Plastic Pieces Weighing over 250,000 Tons Afloat at Sea. PLoS ONE 9(12): e111913. doi:10.1371/journal.pone.0111913",https://doi.org/10.1371/journal.pone.0111913,5 Gyres Institute,SV Mir; ORV Alguita; SV Sea Dragon; RV Stad Amsterdam,275968,https://www.ncei.noaa.gov/access/metadata/landing-page/bin/iso?id=gov.noaa.nodc:275968,22.4588,155.2998,5/12/2012 12:00:00 AM,f1ecdb17-1341-430f-a792-977b7f6905a0,155.2998,22.4588000000001
11725,Pacific Ocean,,,Neuston net,0.067933,pieces/m3,0.005-1,Medium,Eriksen et al.2014,"Eriksen, M., L.C.M. Lebreton, H.S. Carson, M. Thiel, C.J. Moore, J.C. Borerro, F. Galgani, P.G. Ryan, J. Reisser. 2014. Plastic Pollution in the World’s Oceans: More than 5 Trillion Plastic Pieces Weighing over 250,000 Tons Afloat at Sea. PLoS ONE 9(12): e111913. doi:10.1371/journal.pone.0111913",https://doi.org/10.1371/journal.pone.0111913,5 Gyres Institute,SV Mir; ORV Alguita; SV Sea Dragon; RV Stad Amsterdam,275968,https://www.ncei.noaa.gov/access/metadata/landing-page/bin/iso?id=gov.noaa.nodc:275968,17.9596,157.078,5/9/2012 12:00:00 AM,c5bf7fa2-9d4a-443b-881a-b7f0811f5663,157.078,17.9596
21500,Pacific Ocean,Philippine Sea,,Neuston net,0.088381,pieces/m3,0.005-1,Medium,Thushari et al. 2023,"Thushari, G.G.N., K. Miyazono, T. Sato, R. Yamashita, A. Takasuka, M. Watai, T. Yasuda, H. Kuroda, K. Takahashi. 2023. Floating plastic accumulation and distribution around Kuroshio Current, western North Pacific. Marine Pollution Bulletin 188, 114604. https://doi.org/10.1016/j.marpolbul.2023.114604",https://doi.org/10.1016/j.marpolbul.2023.114604,"The University of Tokyo, Japan",Kuroshio Current,279325,https://www.ncei.noaa.gov/access/metadata/landing-page/bin/iso?id=gov.noaa.nodc:279325,32.993333,135.511667,2/19/2014 12:00:00 AM,156e9531-254d-49d3-be83-8abf7ffd80af,135.511667,32.9933330000001
11748,Pacific Ocean,,,Neuston net,0.600285,pieces/m3,0.005-1,Medium,Eriksen et al.2014,"Eriksen, M., L.C.M. Lebreton, H.S. Carson, M. Thiel, C.J. Moore, J.C. Borerro, F. Galgani, P.G. Ryan, J. Reisser. 2014. Plastic Pollution in the World’s Oceans: More than 5 Trillion Plastic Pieces Weighing over 250,000 Tons Afloat at Sea. PLoS ONE 9(12): e111913. doi:10.1371/journal.pone.0111913",https://doi.org/10.1371/journal.pone.0111913,5 Gyres Institute,SV Mir; ORV Alguita; SV Sea Dragon; RV Stad Amsterdam,275968,https://www.ncei.noaa.gov/access/metadata/landing-page/bin/iso?id=gov.noaa.nodc:275968,30.077,168.133,6/21/2012 12:00:00 AM,8a665320-b1ec-4899-9c45-d6a7a5d9074f,168.133,30.0770000000001
21492,Pacific Ocean,Philippine Sea,,Neuston net,0.013446,pieces/m3,0.005-1,Medium,Thushari et al. 2023,"Thushari, G.G.N., K. Miyazono, T. Sato, R. Yamashita, A. Takasuka, M. Watai, T. Yasuda, H. Kuroda, K. Takahashi. 2023. Floating plastic accumulation and distribution around Kuroshio Current, western North Pacific. Marine Pollution Bulletin 188, 114604. https://doi.org/10.1016/j.marpolbul.2023.114604",https://doi.org/10.1016/j.marpolbul.2023.114604,"The University of Tokyo, Japan",Kuroshio Current,279325,https://www.ncei.noaa.gov/access/metadata/landing-page/bin/iso?id=gov.noaa.nodc:279325,32.5,140.003333,2/6/2014 12:00:00 AM,b30574b0-6f2d-4225-821a-a62ea25b3e50,140.003333,32.5000000000001
21586,Pacific Ocean,Philippine Sea,,Neuston net,0.379727,pieces/m3,0.005-1,Medium,Thushari et al. 2023,"Thushari, G.G.N., K. Miyazono, T. Sato, R. Yamashita, A. Takasuka, M. Watai, T. Yasuda, H. Kuroda, K. Takahashi. 2023. Floating plastic accumulation and distribution around Kuroshio Current, western North Pacific. Marine Pollution Bulletin 188, 114604. https://doi.org/10.1016/j.marpolbul.2023.114604",https://doi.org/10.1016/j.marpolbul.2023.114604,"The University of Tokyo, Japan",Kuroshio Current,279325,https://www.ncei.noaa.gov/access/metadata/landing-page/bin/iso?id=gov.noaa.nodc:279325,30.498333,136.503333,2/17/2014 12:00:00 AM,c6cda5c6-0eff-491b-a140-1972300f96b7,136.503333,30.4983330000001
21549,Pacific Ocean,Philippine Sea,,Neuston net,0.061027,pieces/m3,0.005-1,Medium,Thushari et al. 2023,"Thushari, G.G.N., K. Miyazono, T. Sato, R. Yamashita, A. Takasuka, M. Watai, T. Yasuda, H. Kuroda, K. Takahashi. 2023. Floating plastic accumulation and distribution around Kuroshio Current, western North Pacific. Marine Pollution Bulletin 188, 114604. https://doi.org/10.1016/j.marpolbul.2023.114604",https://doi.org/10.1016/j.marpolbul.2023.114604,"The University of Tokyo, Japan",Kuroshio Current,279325,https://www.ncei.noaa.gov/access/metadata/landing-page/bin/iso?id=gov.noaa.nodc:279325,33.5,136.995,2/16/2014 12:00:00 AM,648c74b0-708b-42a0-8b34-1315b70f00db,136.995,33.5000000000001
21592,Pacific Ocean,Philippine Sea,,Neuston net,0.050433,pieces/m3,0.005-1,Medium,Thushari et al. 2023,"Thushari, G.G.N., K. Miyazono, T. Sato, R. Yamashita, A. Takasuka, M. Watai, T. Yasuda, H. Kuroda, K. Takahashi. 2023. Floating plastic accumulation and distribution around Kuroshio Current, western North Pacific. Marine Pollution Bulletin 188, 114604. https://doi.org/10.1016/j.marpolbul.2023.114604",https://doi.org/10.1016/j.marpolbul.2023.114604,"The University of Tokyo, Japan",Kuroshio Current,279325,https://www.ncei.noaa.gov/access/metadata/landing-page/bin/iso?id=gov.noaa.nodc:279325,32.003333,135.005,2/20/2014 12:00:00 AM,e38b86f2-6078-49cc-810f-3a30654404d1,135.005,32.0033330000001
21543,Pacific Ocean,Philippine Sea,,Neuston net,0.034702,pieces/m3,0.005-1,Medium,Thushari et al. 2023,"Thushari, G.G.N., K. Miyazono, T. Sato, R. Yamashita, A. Takasuka, M. Watai, T. Yasuda, H. Kuroda, K. Takahashi. 2023. Floating plastic accumulation and distribution around Kuroshio Current, western North Pacific. Marine Pollution Bulletin 188, 114604. https://doi.org/10.1016/j.marpolbul.2023.114604",https://doi.org/10.1016/j.marpolbul.2023.114604,"The University of Tokyo, Japan",Kuroshio Current,279325,https://www.ncei.noaa.gov/access/metadata/landing-page/bin/iso?id=gov.noaa.nodc:279325,33.008333,139.003333,2/7/2014 12:00:00 AM,f2575405-ae86-4994-8f8a-ec0e4fdb8d5c,139.003333,33.0083330000001
11742,Pacific Ocean,,,Neuston net,0.394404,pieces/m3,0.005-1,Medium,Eriksen et al.2014,"Eriksen, M., L.C.M. Lebreton, H.S. Carson, M. Thiel, C.J. Moore, J.C. Borerro, F. Galgani, P.G. Ryan, J. Reisser. 2014. Plastic Pollution in the World’s Oceans: More than 5 Trillion Plastic Pieces Weighing over 250,000 Tons Afloat at Sea. PLoS ONE 9(12): e111913. doi:10.1371/journal.pone.0111913",https://doi.org/10.1371/journal.pone.0111913,5 Gyres Institute,SV Mir; ORV Alguita; SV Sea Dragon; RV Stad Amsterdam,275968,https://www.ncei.noaa.gov/access/metadata/landing-page/bin/iso?id=gov.noaa.nodc:275968,32.0859,153.1712,6/15/2012 12:00:00 AM,8484f718-64d5-4739-bda4-8bf80aae0d7c,153.1712,32.0859
21583,Pacific Ocean,Philippine Sea,,Neuston net,0.049608,pieces/m3,0.005-1,Medium,Thushari et al. 2023,"Thushari, G.G.N., K. Miyazono, T. Sato, R. Yamashita, A. Takasuka, M. Watai, T. Yasuda, H. Kuroda, K. Takahashi. 2023. Floating plastic accumulation and distribution around Kuroshio Current, western North Pacific. Marine Pollution Bulletin 188, 114604. https://doi.org/10.1016/j.marpolbul.2023.114604",https://doi.org/10.1016/j.marpolbul.2023.114604,"The University of Tokyo, Japan",Kuroshio Current,279325,https://www.ncei.noaa.gov/access/metadata/landing-page/bin/iso?id=gov.noaa.nodc:279325,31.501667,136.996667,2/17/2014 12:00:00 AM,2276be43-33ce-4a56-a41b-489e06377671,136.996667,31.5016670000001
21529,Pacific Ocean,,,Neuston net,0.017975,pieces/m3,0.005-1,Medium,Thushari et al. 2023,"Thushari, G.G.N., K. Miyazono, T. Sato, R. Yamashita, A. Takasuka, M. Watai, T. Yasuda, H. Kuroda, K. Takahashi. 2023. Floating plastic accumulation and distribution around Kuroshio Current, western North Pacific. Marine Pollution Bulletin 188, 114604. https://doi.org/10.1016/j.marpolbul.2023.114604",https://doi.org/10.1016/j.marpolbul.2023.114604,"The University of Tokyo, Japan",Kuroshio Current,279325,https://www.ncei.noaa.gov/access/metadata/landing-page/bin/iso?id=gov.noaa.nodc:279325,33.501667,140.998333,2/4/2014 12:00:00 AM,99fce203-943a-4a07-b707-a1fc077d1fdc,140.998333,33.5016670000001
21575,Pacific Ocean,Philippine Sea,,Neuston net,0.046879,pieces/m3,0.005-1,Medium,Thushari et al. 2023,"Thushari, G.G.N., K. Miyazono, T. Sato, R. Yamashita, A. Takasuka, M. Watai, T. Yasuda, H. Kuroda, K. Takahashi. 2023. Floating plastic accumulation and distribution around Kuroshio Current, western North Pacific. Marine Pollution Bulletin 188, 114604. https://doi.org/10.1016/j.marpolbul.2023.114604",https://doi.org/10.1016/j.marpolbul.2023.114604,"The University of Tokyo, Japan",Kuroshio Current,279325,https://www.ncei.noaa.gov/access/metadata/landing-page/bin/iso?id=gov.noaa.nodc:279325,31,140,2/5/2014 12:00:00 AM,36995830-c680-4754-a149-7c800f55020c,140,31.0000000000001
21566,Pacific Ocean,Philippine Sea,,Neuston net,0.053929,pieces/m3,0.005-1,Medium,Thushari et al. 2023,"Thushari, G.G.N., K. Miyazono, T. Sato, R. Yamashita, A. Takasuka, M. Watai, T. Yasuda, H. Kuroda, K. Takahashi. 2023. Floating plastic accumulation and distribution around Kuroshio Current, western North Pacific. Marine Pollution Bulletin 188, 114604. https://doi.org/10.1016/j.marpolbul.2023.114604",https://doi.org/10.1016/j.marpolbul.2023.114604,"The University of Tokyo, Japan",Kuroshio Current,279325,https://www.ncei.noaa.gov/access/metadata/landing-page/bin/iso?id=gov.noaa.nodc:279325,33.505,137.501667,2/11/2014 12:00:00 AM,853c4464-1958-428f-8515-eba89dba7dcc,137.501667,33.5050000000001
11751,Pacific Ocean,,,Neuston net,0.925087,pieces/m3,0.005-1,Medium,Eriksen et al.2014,"Eriksen, M., L.C.M. Lebreton, H.S. Carson, M. Thiel, C.J. Moore, J.C. Borerro, F. Galgani, P.G. Ryan, J. Reisser. 2014. Plastic Pollution in the World’s Oceans: More than 5 Trillion Plastic Pieces Weighing over 250,000 Tons Afloat at Sea. PLoS ONE 9(12): e111913. doi:10.1371/journal.pone.0111913",https://doi.org/10.1371/journal.pone.0111913,5 Gyres Institute,SV Mir; ORV Alguita; SV Sea Dragon; RV Stad Amsterdam,275968,https://www.ncei.noaa.gov/access/metadata/landing-page/bin/iso?id=gov.noaa.nodc:275968,28.4783,175.315,6/24/2012 12:00:00 AM,dfdb1310-aaf0-45ce-8114-d383f211a95f,175.315,28.4783
11728,Pacific Ocean,,,Neuston net,0.082536,pieces/m3,0.005-1,Medium,Eriksen et al.2014,"Eriksen, M., L.C.M. Lebreton, H.S. Carson, M. Thiel, C.J. Moore, J.C. Borerro, F. Galgani, P.G. Ryan, J. Reisser. 2014. Plastic Pollution in the World’s Oceans: More than 5 Trillion Plastic Pieces Weighing over 250,000 Tons Afloat at Sea. PLoS ONE 9(12): e111913. doi:10.1371/journal.pone.0111913",https://doi.org/10.1371/journal.pone.0111913,5 Gyres Institute,SV Mir; ORV Alguita; SV Sea Dragon; RV Stad Amsterdam,275968,https://www.ncei.noaa.gov/access/metadata/landing-page/bin/iso?id=gov.noaa.nodc:275968,19.6586,155.1127,5/11/2012 12:00:00 AM,5c15ea5f-18e4-4f65-add4-973da55e4d75,155.1127,19.6586
21546,Pacific Ocean,Philippine Sea,,Neuston net,0.012523,pieces/m3,0.005-1,Medium,Thushari et al. 2023,"Thushari, G.G.N., K. Miyazono, T. Sato, R. Yamashita, A. Takasuka, M. Watai, T. Yasuda, H. Kuroda, K. Takahashi. 2023. Floating plastic accumulation and distribution around Kuroshio Current, western North Pacific. Marine Pollution Bulletin 188, 114604. https://doi.org/10.1016/j.marpolbul.2023.114604",https://doi.org/10.1016/j.marpolbul.2023.114604,"The University of Tokyo, Japan",Kuroshio Current,279325,https://www.ncei.noaa.gov/access/metadata/landing-page/bin/iso?id=gov.noaa.nodc:279325,33.995,137.996667,2/11/2014 12:00:00 AM,fcb7c34d-31de-4006-8b8c-0692c810160f,137.996667,33.9950000000001
11745,Pacific Ocean,,,Neuston net,0.417249,pieces/m3,0.005-1,Medium,Eriksen et al.2014,"Eriksen, M., L.C.M. Lebreton, H.S. Carson, M. Thiel, C.J. Moore, J.C. Borerro, F. Galgani, P.G. Ryan, J. Reisser. 2014. Plastic Pollution in the World’s Oceans: More than 5 Trillion Plastic Pieces Weighing over 250,000 Tons Afloat at Sea. PLoS ONE 9(12): e111913. doi:10.1371/journal.pone.0111913",https://doi.org/10.1371/journal.pone.0111913,5 Gyres Institute,SV Mir; ORV Alguita; SV Sea Dragon; RV Stad Amsterdam,275968,https://www.ncei.noaa.gov/access/metadata/landing-page/bin/iso?id=gov.noaa.nodc:275968,30.191,160.4028,6/18/2012 12:00:00 AM,b5bdf215-a4f5-45be-9875-cd274f548722,160.4028,30.191
21503,Pacific Ocean,Philippine Sea,,Neuston net,0.060735,pieces/m3,0.005-1,Medium,Thushari et al. 2023,"Thushari, G.G.N., K. Miyazono, T. Sato, R. Yamashita, A. Takasuka, M. Watai, T. Yasuda, H. Kuroda, K. Takahashi. 2023. Floating plastic accumulation and distribution around Kuroshio Current, western North Pacific. Marine Pollution Bulletin 188, 114604. https://doi.org/10.1016/j.marpolbul.2023.114604",https://doi.org/10.1016/j.marpolbul.2023.114604,"The University of Tokyo, Japan",Kuroshio Current,279325,https://www.ncei.noaa.gov/access/metadata/landing-page/bin/iso?id=gov.noaa.nodc:279325,32.5,135.008333,2/20/2014 12:00:00 AM,d494f526-5451-4449-8132-c6b1a92538f7,135.008333,32.5000000000001
21552,Pacific Ocean,Philippine Sea,,Neuston net,0.064081,pieces/m3,0.005-1,Medium,Thushari et al. 2023,"Thushari, G.G.N., K. Miyazono, T. Sato, R. Yamashita, A. Takasuka, M. Watai, T. Yasuda, H. Kuroda, K. Takahashi. 2023. Floating plastic accumulation and distribution around Kuroshio Current, western North Pacific. Marine Pollution Bulletin 188, 114604. https://doi.org/10.1016/j.marpolbul.2023.114604",https://doi.org/10.1016/j.marpolbul.2023.114604,"The University of Tokyo, Japan",Kuroshio Current,279325,https://www.ncei.noaa.gov/access/metadata/landing-page/bin/iso?id=gov.noaa.nodc:279325,33.505,135,2/19/2014 12:00:00 AM,ce76ad37-2598-40d4-87bc-6fb97cbb5b9d,135,33.5050000000001
21540,Pacific Ocean,Philippine Sea,,Neuston net,0.004439,pieces/m3,0.0005-0.005,Low,Thushari et al. 2023,"Thushari, G.G.N., K. Miyazono, T. Sato, R. Yamashita, A. Takasuka, M. Watai, T. Yasuda, H. Kuroda, K. Takahashi. 2023. Floating plastic accumulation and distribution around Kuroshio Current, western North Pacific. Marine Pollution Bulletin 188, 114604. https://doi.org/10.1016/j.marpolbul.2023.114604",https://doi.org/10.1016/j.marpolbul.2023.114604,"The University of Tokyo, Japan",Kuroshio Current,279325,https://www.ncei.noaa.gov/access/metadata/landing-page/bin/iso?id=gov.noaa.nodc:279325,34,138.505,2/7/2014 12:00:00 AM,a85cf711-108f-4a8e-bb78-6587eeeb8be0,138.505,34.0000000000001
21489,Pacific Ocean,,,Neuston net,0.010865,pieces/m3,0.005-1,Medium,Thushari et al. 2023,"Thushari, G.G.N., K. Miyazono, T. Sato, R. Yamashita, A. Takasuka, M. Watai, T. Yasuda, H. Kuroda, K. Takahashi. 2023. Floating plastic accumulation and distribution around Kuroshio Current, western North Pacific. Marine Pollution Bulletin 188, 114604. https://doi.org/10.1016/j.marpolbul.2023.114604",https://doi.org/10.1016/j.marpolbul.2023.114604,"The University of Tokyo, Japan",Kuroshio Current,279325,https://www.ncei.noaa.gov/access/metadata/landing-page/bin/iso?id=gov.noaa.nodc:279325,32.515,141.008333,2/4/2014 12:00:00 AM,ca655377-07cd-4815-b920-2d5ea14e92bd,141.008333,32.515
21595,Pacific Ocean,Philippine Sea,,Neuston net,0.127785,pieces/m3,0.005-1,Medium,Thushari et al. 2023,"Thushari, G.G.N., K. Miyazono, T. Sato, R. Yamashita, A. Takasuka, M. Watai, T. Yasuda, H. Kuroda, K. Takahashi. 2023. Floating plastic accumulation and distribution around Kuroshio Current, western North Pacific. Marine Pollution Bulletin 188, 114604. https://doi.org/10.1016/j.marpolbul.2023.114604",https://doi.org/10.1016/j.marpolbul.2023.114604,"The University of Tokyo, Japan",Kuroshio Current,279325,https://www.ncei.noaa.gov/access/metadata/landing-page/bin/iso?id=gov.noaa.nodc:279325,30.503333,135.001667,2/21/2014 12:00:00 AM,f9426630-1f64-4fc9-a7ab-efc481ce264f,135.001667,30.5033330000001
21589,Pacific Ocean,Philippine Sea,,Neuston net,0.021896,pieces/m3,0.005-1,Medium,Thushari et al. 2023,"Thushari, G.G.N., K. Miyazono, T. Sato, R. Yamashita, A. Takasuka, M. Watai, T. Yasuda, H. Kuroda, K. Takahashi. 2023. Floating plastic accumulation and distribution around Kuroshio Current, western North Pacific. Marine Pollution Bulletin 188, 114604. https://doi.org/10.1016/j.marpolbul.2023.114604",https://doi.org/10.1016/j.marpolbul.2023.114604,"The University of Tokyo, Japan",Kuroshio Current,279325,https://www.ncei.noaa.gov/access/metadata/landing-page/bin/iso?id=gov.noaa.nodc:279325,31.5,136.003333,2/18/2014 12:00:00 AM,f8c90928-ddf0-44a9-a8b9-e7e391177d03,136.003333,31.5000000000001
11737,Pacific Ocean,,,Neuston net,0.237793,pieces/m3,0.005-1,Medium,Eriksen et al.2014,"Eriksen, M., L.C.M. Lebreton, H.S. Carson, M. Thiel, C.J. Moore, J.C. Borerro, F. Galgani, P.G. Ryan, J. Reisser. 2014. Plastic Pollution in the World’s Oceans: More than 5 Trillion Plastic Pieces Weighing over 250,000 Tons Afloat at Sea. PLoS ONE 9(12): e111913. doi:10.1371/journal.pone.0111913",https://doi.org/10.1371/journal.pone.0111913,5 Gyres Institute,SV Mir; ORV Alguita; SV Sea Dragon; RV Stad Amsterdam,275968,https://www.ncei.noaa.gov/access/metadata/landing-page/bin/iso?id=gov.noaa.nodc:275968,27.0833,151.3647,5/15/2012 12:00:00 AM,f5674ada-c8dd-4f8a-b936-90beabd922e7,151.3647,27.0833000000001
21578,Pacific Ocean,Philippine Sea,,Neuston net,0.007735,pieces/m3,0.005-1,Medium,Thushari et al. 2023,"Thushari, G.G.N., K. Miyazono, T. Sato, R. Yamashita, A. Takasuka, M. Watai, T. Yasuda, H. Kuroda, K. Takahashi. 2023. Floating plastic accumulation and distribution around Kuroshio Current, western North Pacific. Marine Pollution Bulletin 188, 114604. https://doi.org/10.1016/j.marpolbul.2023.114604",https://doi.org/10.1016/j.marpolbul.2023.114604,"The University of Tokyo, Japan",Kuroshio Current,279325,https://www.ncei.noaa.gov/access/metadata/landing-page/bin/iso?id=gov.noaa.nodc:279325,31.005,139,2/9/2014 12:00:00 AM,710e304a-ab3f-4d28-aebe-78f66194244f,139,31.0050000000001
21584,Pacific Ocean,Philippine Sea,,Neuston net,0.090635,pieces/m3,0.005-1,Medium,Thushari et al. 2023,"Thushari, G.G.N., K. Miyazono, T. Sato, R. Yamashita, A. Takasuka, M. Watai, T. Yasuda, H. Kuroda, K. Takahashi. 2023. Floating plastic accumulation and distribution around Kuroshio Current, western North Pacific. Marine Pollution Bulletin 188, 114604. https://doi.org/10.1016/j.marpolbul.2023.114604",https://doi.org/10.1016/j.marpolbul.2023.114604,"The University of Tokyo, Japan",Kuroshio Current,279325,https://www.ncei.noaa.gov/access/metadata/landing-page/bin/iso?id=gov.noaa.nodc:279325,30.998333,136.993333,2/17/2014 12:00:00 AM,2230e591-9ecd-4e65-a1ce-b0b60da6df93,136.993333,30.9983330000001
11743,Pacific Ocean,,,Neuston net,0.169271,pieces/m3,0.005-1,Medium,Eriksen et al.2014,"Eriksen, M., L.C.M. Lebreton, H.S. Carson, M. Thiel, C.J. Moore, J.C. Borerro, F. Galgani, P.G. Ryan, J. Reisser. 2014. Plastic Pollution in the World’s Oceans: More than 5 Trillion Plastic Pieces Weighing over 250,000 Tons Afloat at Sea. PLoS ONE 9(12): e111913. doi:10.1371/journal.pone.0111913",https://doi.org/10.1371/journal.pone.0111913,5 Gyres Institute,SV Mir; ORV Alguita; SV Sea Dragon; RV Stad Amsterdam,275968,https://www.ncei.noaa.gov/access/metadata/landing-page/bin/iso?id=gov.noaa.nodc:275968,31.2728,155.3199,6/16/2012 12:00:00 AM,978c9159-69bc-403e-8f3b-17e189fdd9eb,155.3199,31.2728000000001
21498,Pacific Ocean,Philippine Sea,,Neuston net,0.259535,pieces/m3,0.005-1,Medium,Thushari et al. 2023,"Thushari, G.G.N., K. Miyazono, T. Sato, R. Yamashita, A. Takasuka, M. Watai, T. Yasuda, H. Kuroda, K. Takahashi. 2023. Floating plastic accumulation and distribution around Kuroshio Current, western North Pacific. Marine Pollution Bulletin 188, 114604. https://doi.org/10.1016/j.marpolbul.2023.114604",https://doi.org/10.1016/j.marpolbul.2023.114604,"The University of Tokyo, Japan",Kuroshio Current,279325,https://www.ncei.noaa.gov/access/metadata/landing-page/bin/iso?id=gov.noaa.nodc:279325,32.998333,136.005,2/19/2014 12:00:00 AM,c192232d-97e5-47fe-b871-da2739695c4c,136.005,32.9983330000001
21547,Pacific Ocean,Philippine Sea,,Neuston net,0.040675,pieces/m3,0.005-1,Medium,Thushari et al. 2023,"Thushari, G.G.N., K. Miyazono, T. Sato, R. Yamashita, A. Takasuka, M. Watai, T. Yasuda, H. Kuroda, K. Takahashi. 2023. Floating plastic accumulation and distribution around Kuroshio Current, western North Pacific. Marine Pollution Bulletin 188, 114604. https://doi.org/10.1016/j.marpolbul.2023.114604",https://doi.org/10.1016/j.marpolbul.2023.114604,"The University of Tokyo, Japan",Kuroshio Current,279325,https://www.ncei.noaa.gov/access/metadata/landing-page/bin/iso?id=gov.noaa.nodc:279325,34.001667,137.493333,2/11/2014 12:00:00 AM,3abfb7ee-5589-48fa-91be-5cf260b9c6fd,137.493333,34.0016670000001
11746,Pacific Ocean,,,Neuston net,0.098196,pieces/m3,0.005-1,Medium,Eriksen et al.2014,"Eriksen, M., L.C.M. Lebreton, H.S. Carson, M. Thiel, C.J. Moore, J.C. Borerro, F. Galgani, P.G. Ryan, J. Reisser. 2014. Plastic Pollution in the World’s Oceans: More than 5 Trillion Plastic Pieces Weighing over 250,000 Tons Afloat at Sea. PLoS ONE 9(12): e111913. doi:10.1371/journal.pone.0111913",https://doi.org/10.1371/journal.pone.0111913,5 Gyres Institute,SV Mir; ORV Alguita; SV Sea Dragon; RV Stad Amsterdam,275968,https://www.ncei.noaa.gov/access/metadata/landing-page/bin/iso?id=gov.noaa.nodc:275968,30.4448,163.3177,6/19/2012 12:00:00 AM,b98c5720-d735-4a9a-a738-1282c9aeed91,163.3177,30.4448
21590,Pacific Ocean,Philippine Sea,,Neuston net,0.10842,pieces/m3,0.005-1,Medium,Thushari et al. 2023,"Thushari, G.G.N., K. Miyazono, T. Sato, R. Yamashita, A. Takasuka, M. Watai, T. Yasuda, H. Kuroda, K. Takahashi. 2023. Floating plastic accumulation and distribution around Kuroshio Current, western North Pacific. Marine Pollution Bulletin 188, 114604. https://doi.org/10.1016/j.marpolbul.2023.114604",https://doi.org/10.1016/j.marpolbul.2023.114604,"The University of Tokyo, Japan",Kuroshio Current,279325,https://www.ncei.noaa.gov/access/metadata/landing-page/bin/iso?id=gov.noaa.nodc:279325,31.991667,135.995,2/18/2014 12:00:00 AM,a5336d6e-8c47-491b-a33f-b2bba4170136,135.995,31.9916670000001
21541,Pacific Ocean,Philippine Sea,,Neuston net,0.004897,pieces/m3,0.0005-0.005,Low,Thushari et al. 2023,"Thushari, G.G.N., K. Miyazono, T. Sato, R. Yamashita, A. Takasuka, M. Watai, T. Yasuda, H. Kuroda, K. Takahashi. 2023. Floating plastic accumulation and distribution around Kuroshio Current, western North Pacific. Marine Pollution Bulletin 188, 114604. https://doi.org/10.1016/j.marpolbul.2023.114604",https://doi.org/10.1016/j.marpolbul.2023.114604,"The University of Tokyo, Japan",Kuroshio Current,279325,https://www.ncei.noaa.gov/access/metadata/landing-page/bin/iso?id=gov.noaa.nodc:279325,34.001667,138.993333,2/7/2014 12:00:00 AM,e10b5129-8e95-49ae-b03c-fa48d97b1dc8,138.993333,34.0016670000001
21581,Pacific Ocean,Philippine Sea,,Neuston net,1.598963,pieces/m3,1-10,High,Thushari et al. 2023,"Thushari, G.G.N., K. Miyazono, T. Sato, R. Yamashita, A. Takasuka, M. Watai, T. Yasuda, H. Kuroda, K. Takahashi. 2023. Floating plastic accumulation and distribution around Kuroshio Current, western North Pacific. Marine Pollution Bulletin 188, 114604. https://doi.org/10.1016/j.marpolbul.2023.114604",https://doi.org/10.1016/j.marpolbul.2023.114604,"The University of Tokyo, Japan",Kuroshio Current,279325,https://www.ncei.noaa.gov/access/metadata/landing-page/bin/iso?id=gov.noaa.nodc:279325,31.5,138.001667,2/9/2014 12:00:00 AM,663a142e-d7ff-4536-a09f-9df7d62d1214,138.001667,31.5000000000001
11740,Pacific Ocean,,,Neuston net,2.381986,pieces/m3,1-10,High,Eriksen et al.2014,"Eriksen, M., L.C.M. Lebreton, H.S. Carson, M. Thiel, C.J. Moore, J.C. Borerro, F. Galgani, P.G. Ryan, J. Reisser. 2014. Plastic Pollution in the World’s Oceans: More than 5 Trillion Plastic Pieces Weighing over 250,000 Tons Afloat at Sea. PLoS ONE 9(12): e111913. doi:10.1371/journal.pone.0111913",https://doi.org/10.1371/journal.pone.0111913,5 Gyres Institute,SV Mir; ORV Alguita; SV Sea Dragon; RV Stad Amsterdam,275968,https://www.ncei.noaa.gov/access/metadata/landing-page/bin/iso?id=gov.noaa.nodc:275968,29.7272,148.0468,5/17/2012 12:00:00 AM,9ea75ddd-13a9-4471-b373-abda5ecfca2e,148.0468,29.7272
21558,Pacific Ocean,Philippine Sea,,Neuston net,0.069027,pieces/m3,0.005-1,Medium,Thushari et al. 2023,"Thushari, G.G.N., K. Miyazono, T. Sato, R. Yamashita, A. Takasuka, M. Watai, T. Yasuda, H. Kuroda, K. Takahashi. 2023. Floating plastic accumulation and distribution around Kuroshio Current, western North Pacific. Marine Pollution Bulletin 188, 114604. https://doi.org/10.1016/j.marpolbul.2023.114604",https://doi.org/10.1016/j.marpolbul.2023.114604,"The University of Tokyo, Japan",Kuroshio Current,279325,https://www.ncei.noaa.gov/access/metadata/landing-page/bin/iso?id=gov.noaa.nodc:279325,33.001667,138.498333,2/10/2014 12:00:00 AM,bf8bb089-88f9-4c5a-a945-577f9cac0499,138.498333,33.0016670000001
21535,Pacific Ocean,,,Neuston net,0,pieces/m3,0-0.0005,Very Low,Thushari et al. 2023,"Thushari, G.G.N., K. Miyazono, T. Sato, R. Yamashita, A. Takasuka, M. Watai, T. Yasuda, H. Kuroda, K. Takahashi. 2023. Floating plastic accumulation and distribution around Kuroshio Current, western North Pacific. Marine Pollution Bulletin 188, 114604. https://doi.org/10.1016/j.marpolbul.2023.114604",https://doi.org/10.1016/j.marpolbul.2023.114604,"The University of Tokyo, Japan",Kuroshio Current,279325,https://www.ncei.noaa.gov/access/metadata/landing-page/bin/iso?id=gov.noaa.nodc:279325,33.998333,139.996667,2/6/2014 12:00:00 AM,d426f81a-889c-4f56-aca1-2d9466e2390f,139.996667,33.9983330000001
11734,Pacific Ocean,,,Neuston net,0.251981,pieces/m3,0.005-1,Medium,Eriksen et al.2014,"Eriksen, M., L.C.M. Lebreton, H.S. Carson, M. Thiel, C.J. Moore, J.C. Borerro, F. Galgani, P.G. Ryan, J. Reisser. 2014. Plastic Pollution in the World’s Oceans: More than 5 Trillion Plastic Pieces Weighing over 250,000 Tons Afloat at Sea. PLoS ONE 9(12): e111913. doi:10.1371/journal.pone.0111913",https://doi.org/10.1371/journal.pone.0111913,5 Gyres Institute,SV Mir; ORV Alguita; SV Sea Dragon; RV Stad Amsterdam,275968,https://www.ncei.noaa.gov/access/metadata/landing-page/bin/iso?id=gov.noaa.nodc:275968,25.099,154.157,5/14/2012 12:00:00 AM,efb1ffb2-e520-4f14-9b00-d962299cfdef,154.157,25.099
21564,Pacific Ocean,Philippine Sea,,Neuston net,0.104379,pieces/m3,0.005-1,Medium,Thushari et al. 2023,"Thushari, G.G.N., K. Miyazono, T. Sato, R. Yamashita, A. Takasuka, M. Watai, T. Yasuda, H. Kuroda, K. Takahashi. 2023. Floating plastic accumulation and distribution around Kuroshio Current, western North Pacific. Marine Pollution Bulletin 188, 114604. https://doi.org/10.1016/j.marpolbul.2023.114604",https://doi.org/10.1016/j.marpolbul.2023.114604,"The University of Tokyo, Japan",Kuroshio Current,279325,https://www.ncei.noaa.gov/access/metadata/landing-page/bin/iso?id=gov.noaa.nodc:279325,33.5,138.493333,2/10/2014 12:00:00 AM,1ad9c9f6-70d5-4cca-89fd-1bb76757e8de,138.493333,33.5000000000001
11723,Pacific Ocean,,,Neuston net,0.004845,pieces/m3,0.0005-0.005,Low,Eriksen et al.2014,"Eriksen, M., L.C.M. Lebreton, H.S. Carson, M. Thiel, C.J. Moore, J.C. Borerro, F. Galgani, P.G. Ryan, J. Reisser. 2014. Plastic Pollution in the World’s Oceans: More than 5 Trillion Plastic Pieces Weighing over 250,000 Tons Afloat at Sea. PLoS ONE 9(12): e111913. doi:10.1371/journal.pone.0111913",https://doi.org/10.1371/journal.pone.0111913,5 Gyres Institute,SV Mir; ORV Alguita; SV Sea Dragon; RV Stad Amsterdam,275968,https://www.ncei.noaa.gov/access/metadata/landing-page/bin/iso?id=gov.noaa.nodc:275968,16.4507,158.5566,5/8/2012 12:00:00 AM,3b1955c1-a1af-48dc-9133-a2fb6f5fc4ef,158.5566,16.4507
11726,Pacific Ocean,,,Neuston net,0.023471,pieces/m3,0.005-1,Medium,Eriksen et al.2014,"Eriksen, M., L.C.M. Lebreton, H.S. Carson, M. Thiel, C.J. Moore, J.C. Borerro, F. Galgani, P.G. Ryan, J. Reisser. 2014. Plastic Pollution in the World’s Oceans: More than 5 Trillion Plastic Pieces Weighing over 250,000 Tons Afloat at Sea. PLoS ONE 9(12): e111913. doi:10.1371/journal.pone.0111913",https://doi.org/10.1371/journal.pone.0111913,5 Gyres Institute,SV Mir; ORV Alguita; SV Sea Dragon; RV Stad Amsterdam,275968,https://www.ncei.noaa.gov/access/metadata/landing-page/bin/iso?id=gov.noaa.nodc:275968,32.8112,156.4986,5/10/2012 12:00:00 AM,ea48a82d-7508-4fb9-8cfe-62d12803e097,156.4986,32.8112
21587,Pacific Ocean,Philippine Sea,,Neuston net,0.0409,pieces/m3,0.005-1,Medium,Thushari et al. 2023,"Thushari, G.G.N., K. Miyazono, T. Sato, R. Yamashita, A. Takasuka, M. Watai, T. Yasuda, H. Kuroda, K. Takahashi. 2023. Floating plastic accumulation and distribution around Kuroshio Current, western North Pacific. Marine Pollution Bulletin 188, 114604. https://doi.org/10.1016/j.marpolbul.2023.114604",https://doi.org/10.1016/j.marpolbul.2023.114604,"The University of Tokyo, Japan",Kuroshio Current,279325,https://www.ncei.noaa.gov/access/metadata/landing-page/bin/iso?id=gov.noaa.nodc:279325,30.498333,136.006667,2/18/2014 12:00:00 AM,643777cd-b192-4448-b6be-9edeafd64938,136.006667,30.4983330000001
21538,Pacific Ocean,Philippine Sea,,Neuston net,0.008854,pieces/m3,0.005-1,Medium,Thushari et al. 2023,"Thushari, G.G.N., K. Miyazono, T. Sato, R. Yamashita, A. Takasuka, M. Watai, T. Yasuda, H. Kuroda, K. Takahashi. 2023. Floating plastic accumulation and distribution around Kuroshio Current, western North Pacific. Marine Pollution Bulletin 188, 114604. https://doi.org/10.1016/j.marpolbul.2023.114604",https://doi.org/10.1016/j.marpolbul.2023.114604,"The University of Tokyo, Japan",Kuroshio Current,279325,https://www.ncei.noaa.gov/access/metadata/landing-page/bin/iso?id=gov.noaa.nodc:279325,34.501667,139.01,2/7/2014 12:00:00 AM,d780f89c-561e-4990-a071-3777c63f7db0,139.01,34.5016670000001
21495,Pacific Ocean,Philippine Sea,,Neuston net,0.250694,pieces/m3,0.005-1,Medium,Thushari et al. 2023,"Thushari, G.G.N., K. Miyazono, T. Sato, R. Yamashita, A. Takasuka, M. Watai, T. Yasuda, H. Kuroda, K. Takahashi. 2023. Floating plastic accumulation and distribution around Kuroshio Current, western North Pacific. Marine Pollution Bulletin 188, 114604. https://doi.org/10.1016/j.marpolbul.2023.114604",https://doi.org/10.1016/j.marpolbul.2023.114604,"The University of Tokyo, Japan",Kuroshio Current,279325,https://www.ncei.noaa.gov/access/metadata/landing-page/bin/iso?id=gov.noaa.nodc:279325,31.995,138.001667,2/10/2014 12:00:00 AM,ae550934-ffd2-4972-91f1-c12aef902108,138.001667,31.9950000000001
21544,Pacific Ocean,Philippine Sea,,Neuston net,0.007137,pieces/m3,0.005-1,Medium,Thushari et al. 2023,"Thushari, G.G.N., K. Miyazono, T. Sato, R. Yamashita, A. Takasuka, M. Watai, T. Yasuda, H. Kuroda, K. Takahashi. 2023. Floating plastic accumulation and distribution around Kuroshio Current, western North Pacific. Marine Pollution Bulletin 188, 114604. https://doi.org/10.1016/j.marpolbul.2023.114604",https://doi.org/10.1016/j.marpolbul.2023.114604,"The University of Tokyo, Japan",Kuroshio Current,279325,https://www.ncei.noaa.gov/access/metadata/landing-page/bin/iso?id=gov.noaa.nodc:279325,32.995,138.006667,2/10/2014 12:00:00 AM,42fdc977-e644-46fb-9b15-f9a60d4413ca,138.006667,32.9950000000001
21582,Pacific Ocean,Philippine Sea,,Neuston net,0.111959,pieces/m3,0.005-1,Medium,Thushari et al. 2023,"Thushari, G.G.N., K. Miyazono, T. Sato, R. Yamashita, A. Takasuka, M. Watai, T. Yasuda, H. Kuroda, K. Takahashi. 2023. Floating plastic accumulation and distribution around Kuroshio Current, western North Pacific. Marine Pollution Bulletin 188, 114604. https://doi.org/10.1016/j.marpolbul.2023.114604",https://doi.org/10.1016/j.marpolbul.2023.114604,"The University of Tokyo, Japan",Kuroshio Current,279325,https://www.ncei.noaa.gov/access/metadata/landing-page/bin/iso?id=gov.noaa.nodc:279325,32.001667,137,2/17/2014 12:00:00 AM,023b3aff-2d70-4c9c-8902-cd54ed4ef9bd,137,32.0016670000001
21536,Pacific Ocean,,,Neuston net,0.010045,pieces/m3,0.005-1,Medium,Thushari et al. 2023,"Thushari, G.G.N., K. Miyazono, T. Sato, R. Yamashita, A. Takasuka, M. Watai, T. Yasuda, H. Kuroda, K. Takahashi. 2023. Floating plastic accumulation and distribution around Kuroshio Current, western North Pacific. Marine Pollution Bulletin 188, 114604. https://doi.org/10.1016/j.marpolbul.2023.114604",https://doi.org/10.1016/j.marpolbul.2023.114604,"The University of Tokyo, Japan",Kuroshio Current,279325,https://www.ncei.noaa.gov/access/metadata/landing-page/bin/iso?id=gov.noaa.nodc:279325,34.5,139.998333,2/6/2014 12:00:00 AM,b9a562f3-5145-4d76-97df-5b4abe610a7e,139.998333,34.5000000000001
11741,Pacific Ocean,,,Neuston net,0.627065,pieces/m3,0.005-1,Medium,Eriksen et al.2014,"Eriksen, M., L.C.M. Lebreton, H.S. Carson, M. Thiel, C.J. Moore, J.C. Borerro, F. Galgani, P.G. Ryan, J. Reisser. 2014. Plastic Pollution in the World’s Oceans: More than 5 Trillion Plastic Pieces Weighing over 250,000 Tons Afloat at Sea. PLoS ONE 9(12): e111913. doi:10.1371/journal.pone.0111913",https://doi.org/10.1371/journal.pone.0111913,5 Gyres Institute,SV Mir; ORV Alguita; SV Sea Dragon; RV Stad Amsterdam,275968,https://www.ncei.noaa.gov/access/metadata/landing-page/bin/iso?id=gov.noaa.nodc:275968,33.2582,151.1831,6/14/2012 12:00:00 AM,26427164-680a-4915-a90a-7bfc8bdb8e67,151.1831,33.2582
21530,Pacific Ocean,,,Neuston net,0.22492,pieces/m3,0.005-1,Medium,Thushari et al. 2023,"Thushari, G.G.N., K. Miyazono, T. Sato, R. Yamashita, A. Takasuka, M. Watai, T. Yasuda, H. Kuroda, K. Takahashi. 2023. Floating plastic accumulation and distribution around Kuroshio Current, western North Pacific. Marine Pollution Bulletin 188, 114604. https://doi.org/10.1016/j.marpolbul.2023.114604",https://doi.org/10.1016/j.marpolbul.2023.114604,"The University of Tokyo, Japan",Kuroshio Current,279325,https://www.ncei.noaa.gov/access/metadata/landing-page/bin/iso?id=gov.noaa.nodc:279325,33.001667,140.995,2/4/2014 12:00:00 AM,b377b68f-6fb5-4651-8e70-5d46aa9b85ec,140.995,33.0016670000001
21576,Pacific Ocean,Philippine Sea,,Neuston net,0.017222,pieces/m3,0.005-1,Medium,Thushari et al. 2023,"Thushari, G.G.N., K. Miyazono, T. Sato, R. Yamashita, A. Takasuka, M. Watai, T. Yasuda, H. Kuroda, K. Takahashi. 2023. Floating plastic accumulation and distribution around Kuroshio Current, western North Pacific. Marine Pollution Bulletin 188, 114604. https://doi.org/10.1016/j.marpolbul.2023.114604",https://doi.org/10.1016/j.marpolbul.2023.114604,"The University of Tokyo, Japan",Kuroshio Current,279325,https://www.ncei.noaa.gov/access/metadata/landing-page/bin/iso?id=gov.noaa.nodc:279325,31.493333,140,2/5/2014 12:00:00 AM,e685e516-0d82-4bb7-a4fb-103482344413,140,31.4933330000001
11735,Pacific Ocean,,,Neuston net,0.050907,pieces/m3,0.005-1,Medium,Eriksen et al.2014,"Eriksen, M., L.C.M. Lebreton, H.S. Carson, M. Thiel, C.J. Moore, J.C. Borerro, F. Galgani, P.G. Ryan, J. Reisser. 2014. Plastic Pollution in the World’s Oceans: More than 5 Trillion Plastic Pieces Weighing over 250,000 Tons Afloat at Sea. PLoS ONE 9(12): e111913. doi:10.1371/journal.pone.0111913",https://doi.org/10.1371/journal.pone.0111913,5 Gyres Institute,SV Mir; ORV Alguita; SV Sea Dragon; RV Stad Amsterdam,275968,https://www.ncei.noaa.gov/access/metadata/landing-page/bin/iso?id=gov.noaa.nodc:275968,25.7062,153.2397,5/14/2012 12:00:00 AM,487a4674-2044-481e-95dc-3bf04a7006fb,153.2397,25.7062
11729,Pacific Ocean,,,Neuston net,0.169812,pieces/m3,0.005-1,Medium,Eriksen et al.2014,"Eriksen, M., L.C.M. Lebreton, H.S. Carson, M. Thiel, C.J. Moore, J.C. Borerro, F. Galgani, P.G. Ryan, J. Reisser. 2014. Plastic Pollution in the World’s Oceans: More than 5 Trillion Plastic Pieces Weighing over 250,000 Tons Afloat at Sea. PLoS ONE 9(12): e111913. doi:10.1371/journal.pone.0111913",https://doi.org/10.1371/journal.pone.0111913,5 Gyres Institute,SV Mir; ORV Alguita; SV Sea Dragon; RV Stad Amsterdam,275968,https://www.ncei.noaa.gov/access/metadata/landing-page/bin/iso?id=gov.noaa.nodc:275968,20.5115,155.1814,5/11/2012 12:00:00 AM,694c1b13-4868-40bb-bff2-e680db125b79,155.1814,20.5115000000001
21502,Pacific Ocean,Philippine Sea,,Neuston net,0.037903,pieces/m3,0.005-1,Medium,Thushari et al. 2023,"Thushari, G.G.N., K. Miyazono, T. Sato, R. Yamashita, A. Takasuka, M. Watai, T. Yasuda, H. Kuroda, K. Takahashi. 2023. Floating plastic accumulation and distribution around Kuroshio Current, western North Pacific. Marine Pollution Bulletin 188, 114604. https://doi.org/10.1016/j.marpolbul.2023.114604",https://doi.org/10.1016/j.marpolbul.2023.114604,"The University of Tokyo, Japan",Kuroshio Current,279325,https://www.ncei.noaa.gov/access/metadata/landing-page/bin/iso?id=gov.noaa.nodc:279325,33.011667,135.015,2/20/2014 12:00:00 AM,e75fae28-4378-4515-ac32-075239598dfb,135.015,33.011667
21539,Pacific Ocean,Philippine Sea,,Neuston net,0.010514,pieces/m3,0.005-1,Medium,Thushari et al. 2023,"Thushari, G.G.N., K. Miyazono, T. Sato, R. Yamashita, A. Takasuka, M. Watai, T. Yasuda, H. Kuroda, K. Takahashi. 2023. Floating plastic accumulation and distribution around Kuroshio Current, western North Pacific. Marine Pollution Bulletin 188, 114604. https://doi.org/10.1016/j.marpolbul.2023.114604",https://doi.org/10.1016/j.marpolbul.2023.114604,"The University of Tokyo, Japan",Kuroshio Current,279325,https://www.ncei.noaa.gov/access/metadata/landing-page/bin/iso?id=gov.noaa.nodc:279325,34.503333,138.508333,2/7/2014 12:00:00 AM,74eb870b-aa01-4844-9968-97d1449618a7,138.508333,34.5033330000001
21596,Pacific Ocean,Philippine Sea,,Neuston net,0.125674,pieces/m3,0.005-1,Medium,Thushari et al. 2023,"Thushari, G.G.N., K. Miyazono, T. Sato, R. Yamashita, A. Takasuka, M. Watai, T. Yasuda, H. Kuroda, K. Takahashi. 2023. Floating plastic accumulation and distribution around Kuroshio Current, western North Pacific. Marine Pollution Bulletin 188, 114604. https://doi.org/10.1016/j.marpolbul.2023.114604",https://doi.org/10.1016/j.marpolbul.2023.114604,"The University of Tokyo, Japan",Kuroshio Current,279325,https://www.ncei.noaa.gov/access/metadata/landing-page/bin/iso?id=gov.noaa.nodc:279325,30,135,2/21/2014 12:00:00 AM,57155adf-287e-4bb9-be1e-1730b1996454,135,30.0000000000001
21496,Pacific Ocean,Philippine Sea,,Neuston net,0.028565,pieces/m3,0.005-1,Medium,Thushari et al. 2023,"Thushari, G.G.N., K. Miyazono, T. Sato, R. Yamashita, A. Takasuka, M. Watai, T. Yasuda, H. Kuroda, K. Takahashi. 2023. Floating plastic accumulation and distribution around Kuroshio Current, western North Pacific. Marine Pollution Bulletin 188, 114604. https://doi.org/10.1016/j.marpolbul.2023.114604",https://doi.org/10.1016/j.marpolbul.2023.114604,"The University of Tokyo, Japan",Kuroshio Current,279325,https://www.ncei.noaa.gov/access/metadata/landing-page/bin/iso?id=gov.noaa.nodc:279325,32.5,137.998333,2/10/2014 12:00:00 AM,4c6a969c-8ece-41b9-b008-2e283e5ace18,137.998333,32.5000000000001
21490,Pacific Ocean,,,Neuston net,0.008353,pieces/m3,0.005-1,Medium,Thushari et al. 2023,"Thushari, G.G.N., K. Miyazono, T. Sato, R. Yamashita, A. Takasuka, M. Watai, T. Yasuda, H. Kuroda, K. Takahashi. 2023. Floating plastic accumulation and distribution around Kuroshio Current, western North Pacific. Marine Pollution Bulletin 188, 114604. https://doi.org/10.1016/j.marpolbul.2023.114604",https://doi.org/10.1016/j.marpolbul.2023.114604,"The University of Tokyo, Japan",Kuroshio Current,279325,https://www.ncei.noaa.gov/access/metadata/landing-page/bin/iso?id=gov.noaa.nodc:279325,32.001667,141.001667,2/4/2014 12:00:00 AM,b842ea72-cdf1-4d22-bae2-84a9ee9c61f0,141.001667,32.0016670000001
21533,Pacific Ocean,Philippine Sea,,Neuston net,0.008458,pieces/m3,0.005-1,Medium,Thushari et al. 2023,"Thushari, G.G.N., K. Miyazono, T. Sato, R. Yamashita, A. Takasuka, M. Watai, T. Yasuda, H. Kuroda, K. Takahashi. 2023. Floating plastic accumulation and distribution around Kuroshio Current, western North Pacific. Marine Pollution Bulletin 188, 114604. https://doi.org/10.1016/j.marpolbul.2023.114604",https://doi.org/10.1016/j.marpolbul.2023.114604,"The University of Tokyo, Japan",Kuroshio Current,279325,https://www.ncei.noaa.gov/access/metadata/landing-page/bin/iso?id=gov.noaa.nodc:279325,33.5,139.508333,2/6/2014 12:00:00 AM,55e9a7bc-1876-43fc-a351-12ab29ac69a5,139.508333,33.5000000000001
11738,Pacific Ocean,,,Neuston net,3.907992,pieces/m3,1-10,High,Eriksen et al.2014,"Eriksen, M., L.C.M. Lebreton, H.S. Carson, M. Thiel, C.J. Moore, J.C. Borerro, F. Galgani, P.G. Ryan, J. Reisser. 2014. Plastic Pollution in the World’s Oceans: More than 5 Trillion Plastic Pieces Weighing over 250,000 Tons Afloat at Sea. PLoS ONE 9(12): e111913. doi:10.1371/journal.pone.0111913",https://doi.org/10.1371/journal.pone.0111913,5 Gyres Institute,SV Mir; ORV Alguita; SV Sea Dragon; RV Stad Amsterdam,275968,https://www.ncei.noaa.gov/access/metadata/landing-page/bin/iso?id=gov.noaa.nodc:275968,27.8482,150.2578,5/16/2012 12:00:00 AM,973e4cc6-1a0b-4eab-b46f-fb2bd7b74fd3,150.2578,27.8482000000001
21487,Pacific Ocean,,,Neuston net,0.018345,pieces/m3,0.005-1,Medium,Thushari et al. 2023,"Thushari, G.G.N., K. Miyazono, T. Sato, R. Yamashita, A. Takasuka, M. Watai, T. Yasuda, H. Kuroda, K. Takahashi. 2023. Floating plastic accumulation and distribution around Kuroshio Current, western North Pacific. Marine Pollution Bulletin 188, 114604. https://doi.org/10.1016/j.marpolbul.2023.114604",https://doi.org/10.1016/j.marpolbul.2023.114604,"The University of Tokyo, Japan",Kuroshio Current,279325,https://www.ncei.noaa.gov/access/metadata/landing-page/bin/iso?id=gov.noaa.nodc:279325,34.495,140.968333,2/3/2014 12:00:00 AM,00f387ea-5d7d-43c5-876a-7e991da6e290,140.968333,34.4950000000001
21579,Pacific Ocean,Philippine Sea,,Neuston net,0.396186,pieces/m3,0.005-1,Medium,Thushari et al. 2023,"Thushari, G.G.N., K. Miyazono, T. Sato, R. Yamashita, A. Takasuka, M. Watai, T. Yasuda, H. Kuroda, K. Takahashi. 2023. Floating plastic accumulation and distribution around Kuroshio Current, western North Pacific. Marine Pollution Bulletin 188, 114604. https://doi.org/10.1016/j.marpolbul.2023.114604",https://doi.org/10.1016/j.marpolbul.2023.114604,"The University of Tokyo, Japan",Kuroshio Current,279325,https://www.ncei.noaa.gov/access/metadata/landing-page/bin/iso?id=gov.noaa.nodc:279325,31,138.501667,2/9/2014 12:00:00 AM,29c16c44-4e28-4b1e-978f-acd96d2eab7e,138.501667,31.0000000000001
11721,Pacific Ocean,,,Neuston net,0.034662,pieces/m3,0.005-1,Medium,Eriksen et al.2014,"Eriksen, M., L.C.M. Lebreton, H.S. Carson, M. Thiel, C.J. Moore, J.C. Borerro, F. Galgani, P.G. Ryan, J. Reisser. 2014. Plastic Pollution in the World’s Oceans: More than 5 Trillion Plastic Pieces Weighing over 250,000 Tons Afloat at Sea. PLoS ONE 9(12): e111913. doi:10.1371/journal.pone.0111913",https://doi.org/10.1371/journal.pone.0111913,5 Gyres Institute,SV Mir; ORV Alguita; SV Sea Dragon; RV Stad Amsterdam,275968,https://www.ncei.noaa.gov/access/metadata/landing-page/bin/iso?id=gov.noaa.nodc:275968,15.2175,159.9003,5/8/2012 12:00:00 AM,851ee080-ef1c-48d7-a746-1cf433262438,159.9003,15.2175
21573,Pacific Ocean,,,Neuston net,0.026755,pieces/m3,0.005-1,Medium,Thushari et al. 2023,"Thushari, G.G.N., K. Miyazono, T. Sato, R. Yamashita, A. Takasuka, M. Watai, T. Yasuda, H. Kuroda, K. Takahashi. 2023. Floating plastic accumulation and distribution around Kuroshio Current, western North Pacific. Marine Pollution Bulletin 188, 114604. https://doi.org/10.1016/j.marpolbul.2023.114604",https://doi.org/10.1016/j.marpolbul.2023.114604,"The University of Tokyo, Japan",Kuroshio Current,279325,https://www.ncei.noaa.gov/access/metadata/landing-page/bin/iso?id=gov.noaa.nodc:279325,31,140.995,2/5/2014 12:00:00 AM,62a1d3e4-105d-4d33-93af-e2653068f0d9,140.995,31.0000000000001
11732,Pacific Ocean,,,Neuston net,0.142847,pieces/m3,0.005-1,Medium,Eriksen et al.2014,"Eriksen, M., L.C.M. Lebreton, H.S. Carson, M. Thiel, C.J. Moore, J.C. Borerro, F. Galgani, P.G. Ryan, J. Reisser. 2014. Plastic Pollution in the World’s Oceans: More than 5 Trillion Plastic Pieces Weighing over 250,000 Tons Afloat at Sea. PLoS ONE 9(12): e111913. doi:10.1371/journal.pone.0111913",https://doi.org/10.1371/journal.pone.0111913,5 Gyres Institute,SV Mir; ORV Alguita; SV Sea Dragon; RV Stad Amsterdam,275968,https://www.ncei.noaa.gov/access/metadata/landing-page/bin/iso?id=gov.noaa.nodc:275968,23.4111,155.2311,5/13/2012 12:00:00 AM,f9af3c68-e8a3-42c8-8fd5-66ba6aca2955,155.2311,23.4111
11749,Pacific Ocean,,,Neuston net,0.184778,pieces/m3,0.005-1,Medium,Eriksen et al.2014,"Eriksen, M., L.C.M. Lebreton, H.S. Carson, M. Thiel, C.J. Moore, J.C. Borerro, F. Galgani, P.G. Ryan, J. Reisser. 2014. Plastic Pollution in the World’s Oceans: More than 5 Trillion Plastic Pieces Weighing over 250,000 Tons Afloat at Sea. PLoS ONE 9(12): e111913. doi:10.1371/journal.pone.0111913",https://doi.org/10.1371/journal.pone.0111913,5 Gyres Institute,SV Mir; ORV Alguita; SV Sea Dragon; RV Stad Amsterdam,275968,https://www.ncei.noaa.gov/access/metadata/landing-page/bin/iso?id=gov.noaa.nodc:275968,29.1979,169.8263,6/22/2012 12:00:00 AM,ec9b470a-70d0-4e65-94ec-3aacc5ac3142,169.8263,29.1979000000001
21499,Pacific Ocean,Philippine Sea,,Neuston net,0.029305,pieces/m3,0.005-1,Medium,Thushari et al. 2023,"Thushari, G.G.N., K. Miyazono, T. Sato, R. Yamashita, A. Takasuka, M. Watai, T. Yasuda, H. Kuroda, K. Takahashi. 2023. Floating plastic accumulation and distribution around Kuroshio Current, western North Pacific. Marine Pollution Bulletin 188, 114604. https://doi.org/10.1016/j.marpolbul.2023.114604",https://doi.org/10.1016/j.marpolbul.2023.114604,"The University of Tokyo, Japan",Kuroshio Current,279325,https://www.ncei.noaa.gov/access/metadata/landing-page/bin/iso?id=gov.noaa.nodc:279325,33.328333,136.008333,2/19/2014 12:00:00 AM,77dfa30e-ac5e-4707-b919-c33a9a2fa65b,136.008333,33.328333
21550,Pacific Ocean,Philippine Sea,,Neuston net,0.036983,pieces/m3,0.005-1,Medium,Thushari et al. 2023,"Thushari, G.G.N., K. Miyazono, T. Sato, R. Yamashita, A. Takasuka, M. Watai, T. Yasuda, H. Kuroda, K. Takahashi. 2023. Floating plastic accumulation and distribution around Kuroshio Current, western North Pacific. Marine Pollution Bulletin 188, 114604. https://doi.org/10.1016/j.marpolbul.2023.114604",https://doi.org/10.1016/j.marpolbul.2023.114604,"The University of Tokyo, Japan",Kuroshio Current,279325,https://www.ncei.noaa.gov/access/metadata/landing-page/bin/iso?id=gov.noaa.nodc:279325,33.501667,136.501667,2/16/2014 12:00:00 AM,7b50590a-a9c7-4b0d-8e45-e6df9ad57ae8,136.501667,33.5016670000001
21585,Pacific Ocean,Philippine Sea,,Neuston net,0.555717,pieces/m3,0.005-1,Medium,Thushari et al. 2023,"Thushari, G.G.N., K. Miyazono, T. Sato, R. Yamashita, A. Takasuka, M. Watai, T. Yasuda, H. Kuroda, K. Takahashi. 2023. Floating plastic accumulation and distribution around Kuroshio Current, western North Pacific. Marine Pollution Bulletin 188, 114604. https://doi.org/10.1016/j.marpolbul.2023.114604",https://doi.org/10.1016/j.marpolbul.2023.114604,"The University of Tokyo, Japan",Kuroshio Current,279325,https://www.ncei.noaa.gov/access/metadata/landing-page/bin/iso?id=gov.noaa.nodc:279325,30.501667,136.993333,2/17/2014 12:00:00 AM,e4940910-4366-4fab-8007-ea8546d1d260,136.993333,30.5016670000001
21542,Pacific Ocean,Philippine Sea,,Neuston net,0.006285,pieces/m3,0.005-1,Medium,Thushari et al. 2023,"Thushari, G.G.N., K. Miyazono, T. Sato, R. Yamashita, A. Takasuka, M. Watai, T. Yasuda, H. Kuroda, K. Takahashi. 2023. Floating plastic accumulation and distribution around Kuroshio Current, western North Pacific. Marine Pollution Bulletin 188, 114604. https://doi.org/10.1016/j.marpolbul.2023.114604",https://doi.org/10.1016/j.marpolbul.2023.114604,"The University of Tokyo, Japan",Kuroshio Current,279325,https://www.ncei.noaa.gov/access/metadata/landing-page/bin/iso?id=gov.noaa.nodc:279325,33.503333,139,2/7/2014 12:00:00 AM,f436270f-6db8-43f4-a2b3-d4b1ac4f6cb4,139,33.5033330000001
21493,Pacific Ocean,Philippine Sea,,Neuston net,0.012138,pieces/m3,0.005-1,Medium,Thushari et al. 2023,"Thushari, G.G.N., K. Miyazono, T. Sato, R. Yamashita, A. Takasuka, M. Watai, T. Yasuda, H. Kuroda, K. Takahashi. 2023. Floating plastic accumulation and distribution around Kuroshio Current, western North Pacific. Marine Pollution Bulletin 188, 114604. https://doi.org/10.1016/j.marpolbul.2023.114604",https://doi.org/10.1016/j.marpolbul.2023.114604,"The University of Tokyo, Japan",Kuroshio Current,279325,https://www.ncei.noaa.gov/access/metadata/landing-page/bin/iso?id=gov.noaa.nodc:279325,32.493333,139.003333,2/9/2014 12:00:00 AM,1ab2fcbf-4390-430c-a026-97f0dbab7424,139.003333,32.4933330000001
21534,Pacific Ocean,Philippine Sea,,Neuston net,0.006387,pieces/m3,0.005-1,Medium,Thushari et al. 2023,"Thushari, G.G.N., K. Miyazono, T. Sato, R. Yamashita, A. Takasuka, M. Watai, T. Yasuda, H. Kuroda, K. Takahashi. 2023. Floating plastic accumulation and distribution around Kuroshio Current, western North Pacific. Marine Pollution Bulletin 188, 114604. https://doi.org/10.1016/j.marpolbul.2023.114604",https://doi.org/10.1016/j.marpolbul.2023.114604,"The University of Tokyo, Japan",Kuroshio Current,279325,https://www.ncei.noaa.gov/access/metadata/landing-page/bin/iso?id=gov.noaa.nodc:279325,33.995,139.503333,2/6/2014 12:00:00 AM,9c1ddc2d-6902-45d0-af34-e00496f15135,139.503333,33.9950000000001
21488,Pacific Ocean,,,Neuston net,0.013348,pieces/m3,0.005-1,Medium,Thushari et al. 2023,"Thushari, G.G.N., K. Miyazono, T. Sato, R. Yamashita, A. Takasuka, M. Watai, T. Yasuda, H. Kuroda, K. Takahashi. 2023. Floating plastic accumulation and distribution around Kuroshio Current, western North Pacific. Marine Pollution Bulletin 188, 114604. https://doi.org/10.1016/j.marpolbul.2023.114604",https://doi.org/10.1016/j.marpolbul.2023.114604,"The University of Tokyo, Japan",Kuroshio Current,279325,https://www.ncei.noaa.gov/access/metadata/landing-page/bin/iso?id=gov.noaa.nodc:279325,34,140.995,2/4/2014 12:00:00 AM,626c44cb-d0d2-4cbe-aeda-5318dc8f4383,140.995,34.0000000000001
21580,Pacific Ocean,Philippine Sea,,Neuston net,0.013218,pieces/m3,0.005-1,Medium,Thushari et al. 2023,"Thushari, G.G.N., K. Miyazono, T. Sato, R. Yamashita, A. Takasuka, M. Watai, T. Yasuda, H. Kuroda, K. Takahashi. 2023. Floating plastic accumulation and distribution around Kuroshio Current, western North Pacific. Marine Pollution Bulletin 188, 114604. https://doi.org/10.1016/j.marpolbul.2023.114604",https://doi.org/10.1016/j.marpolbul.2023.114604,"The University of Tokyo, Japan",Kuroshio Current,279325,https://www.ncei.noaa.gov/access/metadata/landing-page/bin/iso?id=gov.noaa.nodc:279325,30.998333,138.003333,2/9/2014 12:00:00 AM,ac8b79ad-7199-4fe9-a2d6-bcea3c88d64c,138.003333,30.9983330000001
11733,Pacific Ocean,,,Neuston net,0.188329,pieces/m3,0.005-1,Medium,Eriksen et al.2014,"Eriksen, M., L.C.M. Lebreton, H.S. Carson, M. Thiel, C.J. Moore, J.C. Borerro, F. Galgani, P.G. Ryan, J. Reisser. 2014. Plastic Pollution in the World’s Oceans: More than 5 Trillion Plastic Pieces Weighing over 250,000 Tons Afloat at Sea. PLoS ONE 9(12): e111913. doi:10.1371/journal.pone.0111913",https://doi.org/10.1371/journal.pone.0111913,5 Gyres Institute,SV Mir; ORV Alguita; SV Sea Dragon; RV Stad Amsterdam,275968,https://www.ncei.noaa.gov/access/metadata/landing-page/bin/iso?id=gov.noaa.nodc:275968,24.2949,155.0853,5/13/2012 12:00:00 AM,9d732988-f165-476c-853a-a4697685111c,155.0853,24.2949
21574,Pacific Ocean,Philippine Sea,,Neuston net,0.019717,pieces/m3,0.005-1,Medium,Thushari et al. 2023,"Thushari, G.G.N., K. Miyazono, T. Sato, R. Yamashita, A. Takasuka, M. Watai, T. Yasuda, H. Kuroda, K. Takahashi. 2023. Floating plastic accumulation and distribution around Kuroshio Current, western North Pacific. Marine Pollution Bulletin 188, 114604. https://doi.org/10.1016/j.marpolbul.2023.114604",https://doi.org/10.1016/j.marpolbul.2023.114604,"The University of Tokyo, Japan",Kuroshio Current,279325,https://www.ncei.noaa.gov/access/metadata/landing-page/bin/iso?id=gov.noaa.nodc:279325,30.998333,140.496667,2/5/2014 12:00:00 AM,1713da1d-50a4-4493-bd46-b8419e063073,140.496667,30.9983330000001
11724,Pacific Ocean,,,Neuston net,0.044526,pieces/m3,0.005-1,Medium,Eriksen et al.2014,"Eriksen, M., L.C.M. Lebreton, H.S. Carson, M. Thiel, C.J. Moore, J.C. Borerro, F. Galgani, P.G. Ryan, J. Reisser. 2014. Plastic Pollution in the World’s Oceans: More than 5 Trillion Plastic Pieces Weighing over 250,000 Tons Afloat at Sea. PLoS ONE 9(12): e111913. doi:10.1371/journal.pone.0111913",https://doi.org/10.1371/journal.pone.0111913,5 Gyres Institute,SV Mir; ORV Alguita; SV Sea Dragon; RV Stad Amsterdam,275968,https://www.ncei.noaa.gov/access/metadata/landing-page/bin/iso?id=gov.noaa.nodc:275968,17.4912,157.5383,5/9/2012 12:00:00 AM,ea546a9f-c560-42f5-9d3c-e2337b9e3918,157.5383,17.4912
11727,Pacific Ocean,,,Neuston net,0.05016,pieces/m3,0.005-1,Medium,Eriksen et al.2014,"Eriksen, M., L.C.M. Lebreton, H.S. Carson, M. Thiel, C.J. Moore, J.C. Borerro, F. Galgani, P.G. Ryan, J. Reisser. 2014. Plastic Pollution in the World’s Oceans: More than 5 Trillion Plastic Pieces Weighing over 250,000 Tons Afloat at Sea. PLoS ONE 9(12): e111913. doi:10.1371/journal.pone.0111913",https://doi.org/10.1371/journal.pone.0111913,5 Gyres Institute,SV Mir; ORV Alguita; SV Sea Dragon; RV Stad Amsterdam,275968,https://www.ncei.noaa.gov/access/metadata/landing-page/bin/iso?id=gov.noaa.nodc:275968,19.4321,156.1433,5/10/2012 12:00:00 AM,74876d81-e083-45ea-a81a-d199a46cd424,156.1433,19.4321
21545,Pacific Ocean,Philippine Sea,,Neuston net,0.023827,pieces/m3,0.005-1,Medium,Thushari et al. 2023,"Thushari, G.G.N., K. Miyazono, T. Sato, R. Yamashita, A. Takasuka, M. Watai, T. Yasuda, H. Kuroda, K. Takahashi. 2023. Floating plastic accumulation and distribution around Kuroshio Current, western North Pacific. Marine Pollution Bulletin 188, 114604. https://doi.org/10.1016/j.marpolbul.2023.114604",https://doi.org/10.1016/j.marpolbul.2023.114604,"The University of Tokyo, Japan",Kuroshio Current,279325,https://www.ncei.noaa.gov/access/metadata/landing-page/bin/iso?id=gov.noaa.nodc:279325,33.498333,138.008333,2/10/2014 12:00:00 AM,9629266e-0d4e-440e-98e0-292d89708be2,138.008333,33.4983330000001
11750,Pacific Ocean,,,Neuston net,0.22878,pieces/m3,0.005-1,Medium,Eriksen et al.2014,"Eriksen, M., L.C.M. Lebreton, H.S. Carson, M. Thiel, C.J. Moore, J.C. Borerro, F. Galgani, P.G. Ryan, J. Reisser. 2014. Plastic Pollution in the World’s Oceans: More than 5 Trillion Plastic Pieces Weighing over 250,000 Tons Afloat at Sea. PLoS ONE 9(12): e111913. doi:10.1371/journal.pone.0111913",https://doi.org/10.1371/journal.pone.0111913,5 Gyres Institute,SV Mir; ORV Alguita; SV Sea Dragon; RV Stad Amsterdam,275968,https://www.ncei.noaa.gov/access/metadata/landing-page/bin/iso?id=gov.noaa.nodc:275968,29.4129,172.0143,6/23/2012 12:00:00 AM,07ec62d5-a5cb-467c-a8fa-394365b076f9,172.0143,29.4129
21588,Pacific Ocean,Philippine Sea,,Neuston net,0.041096,pieces/m3,0.005-1,Medium,Thushari et al. 2023,"Thushari, G.G.N., K. Miyazono, T. Sato, R. Yamashita, A. Takasuka, M. Watai, T. Yasuda, H. Kuroda, K. Takahashi. 2023. Floating plastic accumulation and distribution around Kuroshio Current, western North Pacific. Marine Pollution Bulletin 188, 114604. https://doi.org/10.1016/j.marpolbul.2023.114604",https://doi.org/10.1016/j.marpolbul.2023.114604,"The University of Tokyo, Japan",Kuroshio Current,279325,https://www.ncei.noaa.gov/access/metadata/landing-page/bin/iso?id=gov.noaa.nodc:279325,31.005,135.991667,2/18/2014 12:00:00 AM,c2cfb60b-63e7-442d-97d9-aae54d552c15,135.991667,31.0050000000001
21551,Pacific Ocean,Philippine Sea,,Neuston net,0.13486,pieces/m3,0.005-1,Medium,Thushari et al. 2023,"Thushari, G.G.N., K. Miyazono, T. Sato, R. Yamashita, A. Takasuka, M. Watai, T. Yasuda, H. Kuroda, K. Takahashi. 2023. Floating plastic accumulation and distribution around Kuroshio Current, western North Pacific. Marine Pollution Bulletin 188, 114604. https://doi.org/10.1016/j.marpolbul.2023.114604",https://doi.org/10.1016/j.marpolbul.2023.114604,"The University of Tokyo, Japan",Kuroshio Current,279325,https://www.ncei.noaa.gov/access/metadata/landing-page/bin/iso?id=gov.noaa.nodc:279325,33.006667,137.005,2/17/2014 12:00:00 AM,4df4ea92-d213-4227-87bc-968019b34b2f,137.005,33.006667
21537,Pacific Ocean,,,Neuston net,0.007257,pieces/m3,0.005-1,Medium,Thushari et al. 2023,"Thushari, G.G.N., K. Miyazono, T. Sato, R. Yamashita, A. Takasuka, M. Watai, T. Yasuda, H. Kuroda, K. Takahashi. 2023. Floating plastic accumulation and distribution around Kuroshio Current, western North Pacific. Marine Pollution Bulletin 188, 114604. https://doi.org/10.1016/j.marpolbul.2023.114604",https://doi.org/10.1016/j.marpolbul.2023.114604,"The University of Tokyo, Japan",Kuroshio Current,279325,https://www.ncei.noaa.gov/access/metadata/landing-page/bin/iso?id=gov.noaa.nodc:279325,34.498333,139.6,2/7/2014 12:00:00 AM,51a891cd-0ddd-4da8-a339-7457378d6160,139.6,34.4983330000001
21494,Pacific Ocean,Philippine Sea,,Neuston net,0.008611,pieces/m3,0.005-1,Medium,Thushari et al. 2023,"Thushari, G.G.N., K. Miyazono, T. Sato, R. Yamashita, A. Takasuka, M. Watai, T. Yasuda, H. Kuroda, K. Takahashi. 2023. Floating plastic accumulation and distribution around Kuroshio Current, western North Pacific. Marine Pollution Bulletin 188, 114604. https://doi.org/10.1016/j.marpolbul.2023.114604",https://doi.org/10.1016/j.marpolbul.2023.114604,"The University of Tokyo, Japan",Kuroshio Current,279325,https://www.ncei.noaa.gov/access/metadata/landing-page/bin/iso?id=gov.noaa.nodc:279325,32,139,2/9/2014 12:00:00 AM,1eed20b7-1400-4003-8704-bff87ea8122f,139,32.0000000000001
21531,Pacific Ocean,Philippine Sea,,Neuston net,0.013381,pieces/m3,0.005-1,Medium,Thushari et al. 2023,"Thushari, G.G.N., K. Miyazono, T. Sato, R. Yamashita, A. Takasuka, M. Watai, T. Yasuda, H. Kuroda, K. Takahashi. 2023. Floating plastic accumulation and distribution around Kuroshio Current, western North Pacific. Marine Pollution Bulletin 188, 114604. https://doi.org/10.1016/j.marpolbul.2023.114604",https://doi.org/10.1016/j.marpolbul.2023.114604,"The University of Tokyo, Japan",Kuroshio Current,279325,https://www.ncei.noaa.gov/access/metadata/landing-page/bin/iso?id=gov.noaa.nodc:279325,32.996667,140,2/6/2014 12:00:00 AM,21d726ef-be3a-4503-8bde-6f1640842af6,140,32.9966670000001
11744,Pacific Ocean,,,Neuston net,0.180903,pieces/m3,0.005-1,Medium,Eriksen et al.2014,"Eriksen, M., L.C.M. Lebreton, H.S. Carson, M. Thiel, C.J. Moore, J.C. Borerro, F. Galgani, P.G. Ryan, J. Reisser. 2014. Plastic Pollution in the World’s Oceans: More than 5 Trillion Plastic Pieces Weighing over 250,000 Tons Afloat at Sea. PLoS ONE 9(12): e111913. doi:10.1371/journal.pone.0111913",https://doi.org/10.1371/journal.pone.0111913,5 Gyres Institute,SV Mir; ORV Alguita; SV Sea Dragon; RV Stad Amsterdam,275968,https://www.ncei.noaa.gov/access/metadata/landing-page/bin/iso?id=gov.noaa.nodc:275968,30.7313,157.7742,6/17/2012 12:00:00 AM,0bab8aaa-b250-48fe-90a0-9fffaf433605,157.7742,30.7313
21577,Pacific Ocean,Philippine Sea,,Neuston net,0.02764,pieces/m3,0.005-1,Medium,Thushari et al. 2023,"Thushari, G.G.N., K. Miyazono, T. Sato, R. Yamashita, A. Takasuka, M. Watai, T. Yasuda, H. Kuroda, K. Takahashi. 2023. Floating plastic accumulation and distribution around Kuroshio Current, western North Pacific. Marine Pollution Bulletin 188, 114604. https://doi.org/10.1016/j.marpolbul.2023.114604",https://doi.org/10.1016/j.marpolbul.2023.114604,"The University of Tokyo, Japan",Kuroshio Current,279325,https://www.ncei.noaa.gov/access/metadata/landing-page/bin/iso?id=gov.noaa.nodc:279325,31.508333,139,2/9/2014 12:00:00 AM,3ad66e01-f481-493f-a1c3-44827e7ceb61,139,31.5083330000001
11736,Pacific Ocean,,,Neuston net,0.382521,pieces/m3,0.005-1,Medium,Eriksen et al.2014,"Eriksen, M., L.C.M. Lebreton, H.S. Carson, M. Thiel, C.J. Moore, J.C. Borerro, F. Galgani, P.G. Ryan, J. Reisser. 2014. Plastic Pollution in the World’s Oceans: More than 5 Trillion Plastic Pieces Weighing over 250,000 Tons Afloat at Sea. PLoS ONE 9(12): e111913. doi:10.1371/journal.pone.0111913",https://doi.org/10.1371/journal.pone.0111913,5 Gyres Institute,SV Mir; ORV Alguita; SV Sea Dragon; RV Stad Amsterdam,275968,https://www.ncei.noaa.gov/access/metadata/landing-page/bin/iso?id=gov.noaa.nodc:275968,26.3517,152.2958,5/15/2012 12:00:00 AM,4a32fded-dd63-434e-b040-c97f4e4b46cc,152.2958,26.3517000000001
11730,Pacific Ocean,,,Neuston net,0.024289,pieces/m3,0.005-1,Medium,Eriksen et al.2014,"Eriksen, M., L.C.M. Lebreton, H.S. Carson, M. Thiel, C.J. Moore, J.C. Borerro, F. Galgani, P.G. Ryan, J. Reisser. 2014. Plastic Pollution in the World’s Oceans: More than 5 Trillion Plastic Pieces Weighing over 250,000 Tons Afloat at Sea. PLoS ONE 9(12): e111913. doi:10.1371/journal.pone.0111913",https://doi.org/10.1371/journal.pone.0111913,5 Gyres Institute,SV Mir; ORV Alguita; SV Sea Dragon; RV Stad Amsterdam,275968,https://www.ncei.noaa.gov/access/metadata/landing-page/bin/iso?id=gov.noaa.nodc:275968,21.5837,155.3391,5/12/2012 12:00:00 AM,024a0b46-f04f-4ea0-816e-584d29ca5b34,155.3391,21.5837000000001
21497,Pacific Ocean,Philippine Sea,,Neuston net,0.05111,pieces/m3,0.005-1,Medium,Thushari et al. 2023,"Thushari, G.G.N., K. Miyazono, T. Sato, R. Yamashita, A. Takasuka, M. Watai, T. Yasuda, H. Kuroda, K. Takahashi. 2023. Floating plastic accumulation and distribution around Kuroshio Current, western North Pacific. Marine Pollution Bulletin 188, 114604. https://doi.org/10.1016/j.marpolbul.2023.114604",https://doi.org/10.1016/j.marpolbul.2023.114604,"The University of Tokyo, Japan",Kuroshio Current,279325,https://www.ncei.noaa.gov/access/metadata/landing-page/bin/iso?id=gov.noaa.nodc:279325,32.505,136.996667,2/17/2014 12:00:00 AM,bcfe6241-117f-4c50-82aa-8aa7a0fe0f60,136.996667,32.5050000000001
21548,Pacific Ocean,Philippine Sea,,Neuston net,0.024355,pieces/m3,0.005-1,Medium,Thushari et al. 2023,"Thushari, G.G.N., K. Miyazono, T. Sato, R. Yamashita, A. Takasuka, M. Watai, T. Yasuda, H. Kuroda, K. Takahashi. 2023. Floating plastic accumulation and distribution around Kuroshio Current, western North Pacific. Marine Pollution Bulletin 188, 114604. https://doi.org/10.1016/j.marpolbul.2023.114604",https://doi.org/10.1016/j.marpolbul.2023.114604,"The University of Tokyo, Japan",Kuroshio Current,279325,https://www.ncei.noaa.gov/access/metadata/landing-page/bin/iso?id=gov.noaa.nodc:279325,34,137.005,2/16/2014 12:00:00 AM,d0004a41-6782-477a-b06f-1762e8b72a93,137.005,34.0000000000001
11747,Pacific Ocean,,,Neuston net,0.308357,pieces/m3,0.005-1,Medium,Eriksen et al.2014,"Eriksen, M., L.C.M. Lebreton, H.S. Carson, M. Thiel, C.J. Moore, J.C. Borerro, F. Galgani, P.G. Ryan, J. Reisser. 2014. Plastic Pollution in the World’s Oceans: More than 5 Trillion Plastic Pieces Weighing over 250,000 Tons Afloat at Sea. PLoS ONE 9(12): e111913. doi:10.1371/journal.pone.0111913",https://doi.org/10.1371/journal.pone.0111913,5 Gyres Institute,SV Mir; ORV Alguita; SV Sea Dragon; RV Stad Amsterdam,275968,https://www.ncei.noaa.gov/access/metadata/landing-page/bin/iso?id=gov.noaa.nodc:275968,30.4993,166.0763,6/20/2012 12:00:00 AM,77a64dd8-4a54-44d5-b559-a142e39b88e1,166.0763,30.4993000000001
21491,Pacific Ocean,Philippine Sea,,Neuston net,0.033805,pieces/m3,0.005-1,Medium,Thushari et al. 2023,"Thushari, G.G.N., K. Miyazono, T. Sato, R. Yamashita, A. Takasuka, M. Watai, T. Yasuda, H. Kuroda, K. Takahashi. 2023. Floating plastic accumulation and distribution around Kuroshio Current, western North Pacific. Marine Pollution Bulletin 188, 114604. https://doi.org/10.1016/j.marpolbul.2023.114604",https://doi.org/10.1016/j.marpolbul.2023.114604,"The University of Tokyo, Japan",Kuroshio Current,279325,https://www.ncei.noaa.gov/access/metadata/landing-page/bin/iso?id=gov.noaa.nodc:279325,31.998333,140.003333,2/5/2014 12:00:00 AM,837fb6de-ca59-4fdd-958e-66fc1396cf04,140.003333,31.9983330000001
21591,Pacific Ocean,Philippine Sea,,Neuston net,0.158991,pieces/m3,0.005-1,Medium,Thushari et al. 2023,"Thushari, G.G.N., K. Miyazono, T. Sato, R. Yamashita, A. Takasuka, M. Watai, T. Yasuda, H. Kuroda, K. Takahashi. 2023. Floating plastic accumulation and distribution around Kuroshio Current, western North Pacific. Marine Pollution Bulletin 188, 114604. https://doi.org/10.1016/j.marpolbul.2023.114604",https://doi.org/10.1016/j.marpolbul.2023.114604,"The University of Tokyo, Japan",Kuroshio Current,279325,https://www.ncei.noaa.gov/access/metadata/landing-page/bin/iso?id=gov.noaa.nodc:279325,32.493333,136.003333,2/18/2014 12:00:00 AM,5cea551c-40ef-465f-be4f-b00ecff18520,136.003333,32.4933330000001